,0,1,2
0,-1.5039795243148453,-1.5673185475604625,0.7893833203291248
1,-1.5039795243148453,-1.5673185475604625,0.36716295362467133
2,0.782726658991495,0.24188724442656787,0.6214547653898534
3,1.0196073466088678,-1.5673185475604625,0.5782731369768981
4,1.0196073466088678,-1.5673185475604625,-0.30455126613241307
5,1.0196073466088678,-1.5673185475604625,-0.765155302537271
6,-0.77584059249099,0.8734645390838582,1.9220854131880714
7,0.6212170992523774,0.24188724442656787,-0.24217780286925528
8,1.0196073466088678,-1.5673185475604625,1.3459465309849947
9,-1.3411240515779017,0.8734645390838582,-1.866382786241886
10,1.0196073466088678,-1.5673185475604625,-0.47727777978423497
11,-1.3465077035692057,0.8734645390838582,-1.9024634357602663
12,0.8150285709393188,0.24188724442656787,0.7941812790416753
13,-1.5039795243148453,-1.5673185475604625,0.6550404763777078
14,1.0196073466088678,-1.5673185475604625,0.1368609354222425
15,0.8042612669567106,0.6804825879385753,-1.3217185131931413
16,1.0196073466088678,-1.5673185475604625,0.9429179991307439
17,0.9065506547914853,0.24188724442656787,1.2835730677218369
18,0.8042612669567106,0.6804825879385753,0.9621098339809464
19,0.8204122229306225,0.24188724442656787,0.8229690313169788
20,-1.2953630096518183,0.8734645390838582,-1.5596972653356513
21,-1.5039795243148453,-1.5673185475604625,-0.13182475248059117
22,0.6427517072175931,0.24188724442656787,-0.12702679376804066
23,-1.2711365756909507,0.8734645390838582,-1.3973343425029388
24,1.0196073466088678,-1.5673185475604625,0.44393029302548104
25,-1.314205791621382,0.8734645390838582,-1.6859795386499832
26,-0.8996645882909802,0.8734645390838582,1.0922304742653188
27,1.0196073466088678,-1.5673185475604625,0.09847726572183764
28,-1.0665578000214018,0.8734645390838582,-0.026269660804477974
29,0.6346762292306374,0.24188724442656787,-0.17020842218099602
30,-1.5039795243148453,-1.5673185475604625,0.9045343294303391
31,0.37087728165674516,0.24188724442656787,-1.580808283670874
32,-1.5039795243148453,-1.5673185475604625,0.04090176117123034
33,0.8042612669567106,0.6804825879385753,-1.3409103480433437
34,-1.5039795243148453,-1.5673185475604625,0.44393029302548104
35,0.8957833508088773,0.24188724442656787,1.2259975631712294
36,0.8042612669567106,0.6804825879385753,-0.573236954035247
37,0.8769405688393139,0.24188724442656787,1.1252404302076668
38,-1.2334510117518234,0.8734645390838582,-1.144769795874275
39,-1.053098670043142,0.8734645390838582,0.06393196299147326
40,-1.0154131061040146,0.8734645390838582,0.316496509620137
41,-1.5039795243148453,-1.5673185475604625,-0.3429349358328179
42,-1.2926711836561664,0.8734645390838582,-1.541656940576461
43,0.7800348329958431,0.24188724442656787,0.6070608892522016
44,-0.9346583262344557,0.8734645390838582,0.8577062523958452
45,1.0196073466088678,-1.5673185475604625,0.38635478847487376
46,0.9469280447262649,0.24188724442656787,1.4994812097866141
47,1.0196073466088678,-1.5673185475604625,0.5974649718271006
48,0.5054685814393431,0.24188724442656787,-0.8611144767882832
49,0.8042612669567106,0.6804825879385753,0.48231396272588595
50,0.8042612669567106,0.6804825879385753,-1.5712123662457727
51,-1.0261804100866223,0.8734645390838582,0.24433521058337615
52,0.7477329210480197,0.24188724442656787,0.4343343756003801
53,0.8042612669567106,0.6804825879385753,-1.4944450268449632
54,-1.5039795243148453,-1.5673185475604625,0.9429179991307439
55,1.0196073466088678,-1.5673185475604625,-0.07424924792998427
56,0.7665757030175836,0.24188724442656787,0.5350915085639427
57,0.8042612669567106,0.6804825879385753,-1.5904042010959751
58,-1.5039795243148453,-1.5673185475604625,0.290395614223862
59,-1.3384322255822496,0.8734645390838582,-1.8483424614826955
60,0.4031791936045687,0.24188724442656787,-1.408081770019052
61,1.0196073466088678,-1.5673185475604625,-0.6116206237356518
62,0.8042612669567106,0.6804825879385753,0.6358486415275054
63,0.7692675290132355,0.24188724442656787,0.5494853847015947
64,-1.1446207538953086,0.8734645390838582,-0.549439078820996
65,-1.5039795243148453,-1.5673185475604625,0.06009359602143277
66,1.0196073466088678,-1.5673185475604625,-0.01667374337937697
67,0.5350786673915149,0.24188724442656787,-0.7027818392741133
68,0.8607896128654021,0.24188724442656787,1.0388771733817561
69,0.8042612669567106,0.6804825879385753,-0.4197022752336277
70,-1.3357403995865977,0.8734645390838582,-1.8303021367235055
71,-1.5039795243148453,-1.5673185475604625,-0.30455126613241307
72,0.9550035227132206,0.24188724442656787,1.5426628381995695
73,0.8392550049001863,0.24188724442656787,0.9237261642805416
74,0.8042612669567106,0.6804825879385753,0.6742323112279103
75,0.6669781411784608,0.24188724442656787,0.002518091470825467
76,0.8554059608740983,0.24188724442656787,1.0100894211064526
77,1.0196073466088678,-1.5673185475604625,-0.22778392673160333
78,-0.9588847601953233,0.8734645390838582,0.6953433295631327
79,0.8069530929523631,0.24188724442656787,0.75099965062872
80,-1.0719414520127057,0.8734645390838582,-0.06235031032285881
81,0.5485377973697746,0.24188724442656787,-0.6308124585858542
82,1.0196073466088678,-1.5673185475604625,0.21362827482305224
83,0.863481438861054,0.24188724442656787,1.053271049519408
84,0.42471380156978444,0.24188724442656787,-1.2929307609178375
85,0.6454435332132453,0.24188724442656787,-0.11263291763038914
86,-1.5039795243148453,-1.5673185475604625,0.75099965062872
87,0.6131416212654217,0.24188724442656787,-0.28535943128221064
88,1.0196073466088678,-1.5673185475604625,0.2712037793736596
89,-1.2173000557779117,0.8734645390838582,-1.0365278473191335
90,-0.8727463283344605,0.8734645390838582,1.2726337218572215
91,0.8042612669567106,0.6804825879385753,-0.2085920918814009
92,-1.2899793576605145,0.8734645390838582,-1.5236166158172706
93,0.4112546715915247,0.24188724442656787,-1.3649001416060966
94,-1.0880924079866174,0.8734645390838582,-0.17059225887800003
95,-0.9427338042214116,0.8734645390838582,0.8035852781182744
96,0.8231040489262744,0.24188724442656787,0.8373629074546307
97,1.0196073466088678,-1.5673185475604625,1.0388771733817561
98,0.8042612669567106,0.6804825879385753,-0.9762654858894977
99,0.6400598812219412,0.24188724442656787,-0.14142066990569258
100,0.8042612669567106,0.6804825879385753,-1.4560613571445584
101,0.5835315353132501,0.24188724442656787,-0.4436920687963806
102,-1.03694771406923,0.8734645390838582,0.1721739115466149
103,-0.7623814625127302,0.8734645390838582,2.012287036984023
104,-0.905048240282284,0.8734645390838582,1.0561498247469385
105,-1.0288722360822744,0.8734645390838582,0.22629488582418572
106,0.8850160468262697,0.24188724442656787,1.1684220586206226
107,0.8042612669567106,0.6804825879385753,-0.9954573207397001
108,-1.3815014415126812,0.8734645390838582,-2.13698765762974
109,1.0196073466088678,-1.5673185475604625,-0.4197022752336277
110,0.48931762546543156,0.24188724442656787,-0.9474777336141942
111,0.36549362966544136,0.24188724442656787,-1.6095960359461776
112,1.0196073466088678,-1.5673185475604625,1.077260843082161
113,0.8042612669567106,0.6804825879385753,0.9237261642805416
114,1.0196073466088678,-1.5673185475604625,0.06009359602143277
115,-0.7300795505649067,0.8734645390838582,2.2287709340943063
116,-1.171539013851828,0.8734645390838582,-0.7298423264128987
117,0.8042612669567106,0.6804825879385753,0.9813016688311488
118,0.8042612669567106,0.6804825879385753,-0.9570736510392954
119,-0.9238910222518479,0.8734645390838582,0.9298675514326065
120,-1.0073376281170587,0.8734645390838582,0.37061748389770777
121,-0.8969727622953283,0.8734645390838582,1.1102707990245093
122,0.7719593550088873,0.24188724442656787,0.5638792608392461
123,-1.182306317834436,0.8734645390838582,-0.8020036254496598
124,1.0196073466088678,-1.5673185475604625,0.6934241460781128
125,0.586223361308902,0.24188724442656787,-0.4292981926587289
126,0.8042612669567106,0.6804825879385753,1.0196853385315536
127,0.7181228350958483,0.24188724442656787,0.27600173808621004
128,-1.5039795243148453,-1.5673185475604625,1.249987356733983
129,-1.5039795243148453,-1.5673185475604625,0.6358486415275054
130,-1.5039795243148453,-1.5673185475604625,0.5590813021266957
131,1.0196073466088678,-1.5673185475604625,-0.7459634676870687
132,0.8042612669567106,0.6804825879385753,-0.5540451191850445
133,0.8042612669567106,0.6804825879385753,-0.30455126613241307
134,1.0196073466088678,-1.5673185475604625,-0.3237431009826155
135,0.7046637051175884,0.24188724442656787,0.20403235739795084
136,0.8042612669567106,0.6804825879385753,0.30958744907406444
137,0.5673805793393384,0.24188724442656787,-0.5300553256222916
138,1.0196073466088678,-1.5673185475604625,1.211603687033578
139,0.8042612669567106,0.6804825879385753,-1.436869522294356
140,-0.8915891103040243,0.8734645390838582,1.1463514485428898
141,0.6804372711567207,0.24188724442656787,0.0744874721590847
142,1.0196073466088678,-1.5673185475604625,0.07928543087163521
143,0.3762609336480492,0.24188724442656787,-1.5520205313955704
144,-1.2092245777909558,0.8734645390838582,-0.9824068730415626
145,0.8903996988175735,0.24188724442656787,1.1972098108959262
146,0.47316666949151964,0.24188724442656787,-1.033840990440105
147,1.0196073466088678,-1.5673185475604625,0.7126159809283151
148,-1.2119164037866077,0.8734645390838582,-1.0004471978007528
149,0.8042612669567106,0.6804825879385753,-1.2065675040919266
150,-1.5039795243148453,-1.5673185475604625,0.7701914854789225
151,-0.7677651145040342,0.8734645390838582,1.9762063874656421
152,-0.7435386805431664,0.8734645390838582,2.1385693102983545
153,-0.9373501522301076,0.8734645390838582,0.8396659276366553
154,1.0196073466088678,-1.5673185475604625,-0.9762654858894977
155,-1.0234885840909704,0.8734645390838582,0.26237553534256614
156,0.3977955416132649,0.24188724442656787,-1.436869522294356
157,-1.179614491838784,0.8734645390838582,-0.7839633006904695
158,-1.0746332780083576,0.8734645390838582,-0.0803906350820488
159,0.8042612669567106,0.6804825879385753,-0.07424924792998427
160,0.8042612669567106,0.6804825879385753,0.15605277027244494
161,-1.5039795243148453,-1.5673185475604625,-0.40051044038342526
162,-1.045023192056186,0.8734645390838582,0.11805293726904409
163,0.8042612669567106,0.6804825879385753,1.077260843082161
164,-0.9508092822083674,0.8734645390838582,0.7494643038407036
165,-1.5039795243148453,-1.5673185475604625,0.1752446051226474
166,0.44894023553065204,0.24188724442656787,-1.1633858756789712
167,0.8042612669567106,0.6804825879385753,0.6166568066773029
168,-1.120394319934441,0.8734645390838582,-0.38707615598828354
169,-1.3195894436126858,0.8734645390838582,-1.7220601881683637
170,1.0196073466088678,-1.5673185475604625,0.75099965062872
171,1.0196073466088678,-1.5673185475604625,0.8853424945801366
172,1.0196073466088678,-1.5673185475604625,0.15605277027244494
173,-1.3518913555605097,0.8734645390838582,-1.9385440852786469
174,-1.1984572738083479,0.8734645390838582,-0.9102455740048013
175,-1.112318841947485,0.8734645390838582,-0.3329551817107125
176,0.8446386568914902,0.24188724442656787,0.9525139165558454
177,1.0196073466088678,-1.5673185475604625,0.46312212787568346
178,0.6508271852045493,0.24188724442656787,-0.08384516535508528
179,0.8473304828871421,0.24188724442656787,0.9669077926934969
180,1.0196073466088678,-1.5673185475604625,-0.17020842218099602
181,-1.5039795243148453,-1.5673185475604625,-0.1510165873307936
182,0.5377704933871668,0.24188724442656787,-0.6883879631364616
183,0.5539214493610785,0.24188724442656787,-0.6020247063105506
184,0.8042612669567106,0.6804825879385753,-1.0146491555899024
185,1.0196073466088678,-1.5673185475604625,1.1156445127825658
186,0.6292925772393334,0.24188724442656787,-0.19899617445629988
187,-1.047715018051838,0.8734645390838582,0.10001261250985367
188,1.0196073466088678,-1.5673185475604625,1.3267546961347922
189,0.5296950154002108,0.24188724442656787,-0.7315695915494169
190,1.0196073466088678,-1.5673185475604625,-0.534853284334842
191,-1.5039795243148453,-1.5673185475604625,1.3459465309849947
192,-0.977727542164887,0.8734645390838582,0.5690610562488011
193,0.6912045751393283,0.24188724442656787,0.132062976709692
194,-0.9023564142866322,0.8734645390838582,1.0741901495061286
195,-0.783916070477946,0.8734645390838582,1.8679644389105006
196,1.0196073466088678,-1.5673185475604625,0.5015057975760884
197,0.8042612669567106,0.6804825879385753,-0.6883879631364616
198,0.49739310345238724,0.24188724442656787,-0.9042961052012386
199,-1.5039795243148453,-1.5673185475604625,0.19443643997284982
200,1.0196073466088678,-1.5673185475604625,0.290395614223862
201,-1.0934760599779212,0.8734645390838582,-0.20667290839638086
202,-0.843136242382289,0.8734645390838582,1.4710772942083148
203,0.9146261327784411,0.24188724442656787,1.3267546961347922
204,0.4839339734741275,0.24188724442656787,-0.9762654858894977
205,0.9092424807871373,0.24188724442656787,1.2979669438594887
206,-0.9750357161692351,0.8734645390838582,0.5871013810079911
207,0.6696699671741126,0.24188724442656787,0.0169119676084774
208,0.8042612669567106,0.6804825879385753,-0.28535943128221064
209,1.0196073466088678,-1.5673185475604625,-0.803538972237676
210,-1.5039795243148453,-1.5673185475604625,1.3843302006853995
211,-0.9077400662779361,0.8734645390838582,1.038109499987748
212,0.5431541453784708,0.24188724442656787,-0.6596002108611579
213,0.4623993655089118,0.24188724442656787,-1.0914164949907124
214,-0.8323689383996812,0.8734645390838582,1.5432385932450756
215,-0.778532418486642,0.8734645390838582,1.9040450884288813
216,0.3789527596437011,0.24188724442656787,-1.5376266552579185
217,0.5566132753567306,0.24188724442656787,-0.5876308301728989
218,-0.8700545023388087,0.8734645390838582,1.2906740466164117
219,0.8042612669567106,0.6804825879385753,-0.8994981464886881
220,0.7746511810045392,0.24188724442656787,0.5782731369768981
221,0.8042612669567106,0.6804825879385753,-1.2833348434927365
222,-1.397652397486593,0.8734645390838582,-2.245229606184882
223,-0.985803020151843,0.8734645390838582,0.5149400819712303
224,-0.770456940499686,0.8734645390838582,1.958166062706452
225,-0.910431892273588,0.8734645390838582,1.0200691752285578
226,-1.5039795243148453,-1.5673185475604625,0.8661506597299342
227,-1.330356747595294,0.8734645390838582,-1.7942214872051248
228,0.7100473571088921,0.24188724442656787,0.2328201096732547
229,-1.5039795243148453,-1.5673185475604625,1.0388771733817561
230,0.8042612669567106,0.6804825879385753,0.8469588248797317
231,-1.3330485735909459,0.8734645390838582,-1.8122618119643152
232,0.8042612669567106,0.6804825879385753,-0.09344108278018672
233,1.0196073466088678,-1.5673185475604625,1.1732200173331733
234,0.7208146610915003,0.24188724442656787,0.290395614223862
235,-1.0692496260170536,0.8734645390838582,-0.04430998556366839
236,1.0196073466088678,-1.5673185475604625,0.1752446051226474
237,1.0196073466088678,-1.5673185475604625,-0.2085920918814009
238,0.8042612669567106,0.6804825879385753,0.2520119445234571
239,0.8042612669567106,0.6804825879385753,0.8853424945801366
240,0.8042612669567106,0.6804825879385753,-1.168183834391522
241,0.8042612669567106,0.6804825879385753,0.5015057975760884
242,-1.5039795243148453,-1.5673185475604625,0.8277669900295298
243,-1.5039795243148453,-1.5673185475604625,0.6934241460781128
244,-1.254985619717039,0.8734645390838582,-1.2890923939477972
245,0.8042612669567106,0.6804825879385753,-0.8227308070878784
246,0.8042612669567106,0.6804825879385753,-1.264143008642534
247,-0.7812242444822939,0.8734645390838582,1.8860047636696913
248,0.9280852627567011,0.24188724442656787,1.3987240768230516
249,1.0196073466088678,-1.5673185475604625,-1.0530328252903074
250,0.5700724053349903,0.24188724442656787,-0.5156614494846397
251,-0.7866078964735979,0.8734645390838582,1.8499241141513105
252,0.8042612669567106,0.6804825879385753,-0.11263291763038914
253,-1.195765447812696,0.8734645390838582,-0.8922052492456112
254,1.0196073466088678,-1.5673185475604625,-0.45808594493403254
255,1.0196073466088678,-1.5673185475604625,-0.1510165873307936
256,1.0196073466088678,-1.5673185475604625,-0.6691961282862591
257,-1.5039795243148453,-1.5673185475604625,0.2520119445234571
258,-1.5039795243148453,-1.5673185475604625,-0.2661675964320082
259,1.0196073466088678,-1.5673185475604625,0.48231396272588595
260,0.8042612669567106,0.6804825879385753,0.6550404763777078
261,-0.9319665002388037,0.8734645390838582,0.8757465771550357
262,-1.1257779719257448,0.8734645390838582,-0.4231568055066642
263,-1.5039795243148453,-1.5673185475604625,0.4247384581752786
264,1.0196073466088678,-1.5673185475604625,0.04090176117123034
265,-1.0315640620779263,0.8734645390838582,0.20825456106499532
266,-0.9723438901735831,0.8734645390838582,0.6051417057671815
267,-1.5039795243148453,-1.5673185475604625,0.09847726572183764
268,-1.2980548356474704,0.8734645390838582,-1.5777375900948414
269,-1.1069351899561812,0.8734645390838582,-0.2968745321923321
270,1.0196073466088678,-1.5673185475604625,1.0004935036813511
271,-1.5039795243148453,-1.5673185475604625,0.2328201096732547
272,-1.3761177895213772,0.8734645390838582,-2.1009070081113594
273,-0.9400419782257595,0.8734645390838582,0.8216256028774648
274,-0.8189098084214214,0.8734645390838582,1.6334402170410272
275,0.6319844032349853,0.24188724442656787,-0.18460229831864797
276,0.9200097847697454,0.24188724442656787,1.3555424484100962
277,0.8042612669567106,0.6804825879385753,-0.5924287888854494
278,0.588915187304554,0.24188724442656787,-0.41490431652107695
279,-0.845828068377941,0.8734645390838582,1.4530369694491243
280,1.0196073466088678,-1.5673185475604625,-1.168183834391522
281,1.0196073466088678,-1.5673185475604625,-1.2449511737923316
282,-1.2307591857561715,0.8734645390838582,-1.1267294711150846
283,-1.128469797921397,0.8734645390838582,-0.4411971302658544
284,0.8042612669567106,0.6804825879385753,-0.8803063116384857
285,-1.2065327517953035,0.8734645390838582,-0.9643665482823722
286,-1.3626586595431174,0.8734645390838582,-2.010705384315408
287,-1.5039795243148453,-1.5673185475604625,0.9813016688311488
288,1.0196073466088678,-1.5673185475604625,0.4055466233250762
289,0.874248742843662,0.24188724442656787,1.1108465540700154
290,0.524311363408907,0.24188724442656787,-0.7603573438247206
291,-1.193073621817044,0.8734645390838582,-0.8741649244864209
292,1.0196073466088678,-1.5673185475604625,0.8469588248797317
293,0.7504247470436717,0.24188724442656787,0.448728251738032
294,1.0196073466088678,-1.5673185475604625,0.002518091470825467
295,0.8042612669567106,0.6804825879385753,0.7318078157785176
296,0.7127391831045441,0.24188724442656787,0.2472139858109062
297,0.6023743172828139,0.24188724442656787,-0.3429349358328179
298,-0.8296771124040292,0.8734645390838582,1.5612789180042663
299,-1.2738284016866026,0.8734645390838582,-1.415374667262129
300,1.0196073466088678,-1.5673185475604625,-0.8611144767882832
301,0.8042612669567106,0.6804825879385753,-1.3601021828935462
302,0.8042612669567106,0.6804825879385753,0.32877928392426686
303,0.8042612669567106,0.6804825879385753,-0.1510165873307936
304,-1.1311616239170488,0.8734645390838582,-0.4592374550250446
305,0.8042612669567106,0.6804825879385753,-0.6116206237356518
306,-0.9938784981387988,0.8734645390838582,0.46081910769365947
307,1.0196073466088678,-1.5673185475604625,-1.0722246601405099
308,1.0196073466088678,-1.5673185475604625,0.6166568066773029
309,0.8042612669567106,0.6804825879385753,-1.3025266783429388
310,0.9253934367610491,0.24188724442656787,1.3843302006853995
311,1.0196073466088678,-1.5673185475604625,-0.707579797986664
312,1.0196073466088678,-1.5673185475604625,1.403522035535602
313,0.8042612669567106,0.6804825879385753,1.211603687033578
314,1.0196073466088678,-1.5673185475604625,0.5398894672764932
315,0.8042612669567106,0.6804825879385753,-0.035865578229579406
316,0.8311795269132306,0.24188724442656787,0.8805445358675862
317,0.715431009100196,0.24188724442656787,0.2616078619485581
318,-1.5039795243148453,-1.5673185475604625,1.1156445127825658
319,0.45432388752195607,0.24188724442656787,-1.1345981234036677
320,-1.1042433639605291,0.8734645390838582,-0.2788342074331417
321,-1.2765202276822547,0.8734645390838582,-1.4334149920213195
322,-0.8242934604127253,0.8734645390838582,1.5973595675226464
323,-0.8754381543301125,0.8734645390838582,1.2545933970980314
324,0.8042612669567106,0.6804825879385753,-0.6691961282862591
325,0.5027767554436913,0.24188724442656787,-0.875508352925935
326,-0.9884948461474948,0.8734645390838582,0.4968997572120399
327,1.0196073466088678,-1.5673185475604625,0.8085751551793273
328,1.0196073466088678,-1.5673185475604625,1.1924118521833755
329,-0.7596896365170782,0.8734645390838582,2.030327361743213
330,-1.2684447496952989,0.8734645390838582,-1.3792940177437485
331,-0.8485198943735929,0.8734645390838582,1.4349966446899338
332,-0.918507370260544,0.8734645390838582,0.9659482009509869
333,-1.109627015951833,0.8734645390838582,-0.3149148569515225
334,-1.5039795243148453,-1.5673185475604625,0.2712037793736596
335,-1.2146082297822596,0.8734645390838582,-1.018487522559943
336,0.5216195374132551,0.24188724442656787,-0.7747512199623723
337,0.5593051013523824,0.24188724442656787,-0.573236954035247
338,1.0196073466088678,-1.5673185475604625,-0.38131860553322283
339,-1.392268745495289,0.8734645390838582,-2.209148956666501
340,0.7342737910697598,0.24188724442656787,0.3623649949121208
341,0.9334689147480049,0.24188724442656787,1.4275118290983553
342,0.3924118896219609,0.24188724442656787,-1.4656572745696594
343,-1.2253755337648673,0.8734645390838582,-1.0906488215967043
344,-1.0127212801083625,0.8734645390838582,0.3345368343793274
345,-1.5039795243148453,-1.5673185475604625,1.077260843082161
346,0.8042612669567106,0.6804825879385753,-0.3429349358328179
347,0.9011670028001816,0.24188724442656787,1.2547853154465334
348,0.7019718791219365,0.24188724442656787,0.1896384812602993
349,1.0196073466088678,-1.5673185475604625,0.7701914854789225
350,0.8042612669567106,0.6804825879385753,0.002518091470825467
351,0.5646887533436863,0.24188724442656787,-0.5444492017599433
352,0.9523116967175687,0.24188724442656787,1.528268962061918
353,0.8042612669567106,0.6804825879385753,-1.5520205313955704
354,-0.7892997224692498,0.8734645390838582,1.8318837893921205
355,0.658902663191505,0.24188724442656787,-0.04066353694212991
356,-0.915815544264892,0.8734645390838582,0.9839885257101773
357,-1.5039795243148453,-1.5673185475604625,0.4055466233250762
358,0.8042612669567106,0.6804825879385753,-0.8611144767882832
359,0.8042612669567106,0.6804825879385753,0.4055466233250762
360,1.0196073466088678,-1.5673185475604625,1.2307955218837805
361,-0.837752590390985,0.8734645390838582,1.507157943726695
362,-1.2011490998039998,0.8734645390838582,-0.9282858987639918
363,0.8042612669567106,0.6804825879385753,-1.129800164691117
364,-1.1150106679431369,0.8734645390838582,-0.3509955064699029
365,0.7315819650741079,0.24188724442656787,0.3479711187744693
366,1.0196073466088678,-1.5673185475604625,-1.1106083298409146
367,1.0196073466088678,-1.5673185475604625,-1.3025266783429388
368,0.8042612669567106,0.6804825879385753,0.5206976324262907
369,0.5754560573262941,0.24188724442656787,-0.486873697209336
370,0.599682491287162,0.24188724442656787,-0.3573288119704699
371,-0.9265828482474998,0.8734645390838582,0.9118272266734161
372,0.8042612669567106,0.6804825879385753,-1.1873756692417246
373,1.0196073466088678,-1.5673185475604625,-0.5540451191850445
374,-0.8808218063214165,0.8734645390838582,1.218512747579651
375,0.8042612669567106,0.6804825879385753,0.2712037793736596
376,0.8042612669567106,0.6804825879385753,0.06009359602143277
377,-0.851211720369245,0.8734645390838582,1.4169563199307438
378,0.8042612669567106,0.6804825879385753,0.7701914854789225
379,-1.0046458021214066,0.8734645390838582,0.3886578086568982
380,0.40587101960022065,0.24188724442656787,-1.3936878938814004
381,-1.1661553618605243,0.8734645390838582,-0.6937616768945181
382,-1.244218315734431,0.8734645390838582,-1.2169310949110361
383,0.8042612669567106,0.6804825879385753,0.11766910057204008
384,0.9496198707219168,0.24188724442656787,1.513875085924266
385,0.7369656170654116,0.24188724442656787,0.37675887104977274
386,-1.1769226658431322,0.8734645390838582,-0.7659229759312793
387,-0.7408468545475145,0.8734645390838582,2.1566096350575448
388,0.675053619165417,0.24188724442656787,0.04569971988378084
389,0.5969906652915098,0.24188724442656787,-0.3717226881081216
390,1.0196073466088678,-1.5673185475604625,0.9621098339809464
391,0.6535190112002012,0.24188724442656787,-0.06945128921743335
392,1.0196073466088678,-1.5673185475604625,0.021709926321027903
393,0.4597075395132599,0.24188724442656787,-1.105810371128364
394,0.8042612669567106,0.6804825879385753,0.9045343294303391
395,-0.7462305065388184,0.8734645390838582,2.1205289855391647
396,0.8042612669567106,0.6804825879385753,-0.7267716328368662
397,-1.06386597402575,0.8734645390838582,-0.008229336045287982
398,0.5808397093175982,0.24188724442656787,-0.45808594493403254
399,0.8042612669567106,0.6804825879385753,1.1732200173331733
400,0.8042612669567106,0.6804825879385753,0.36716295362467133
401,0.7908021369784511,0.24188724442656787,0.6646363938028088
402,-0.8565953723605488,0.8734645390838582,1.380875670412363
403,0.8042612669567106,0.6804825879385753,-1.2449511737923316
404,-1.0584823220344457,0.8734645390838582,0.027851313473092852
405,0.8042612669567106,0.6804825879385753,-0.40051044038342526
406,-1.1849981438300878,0.8734645390838582,-0.8200439502088501
407,-0.8673626763431566,0.8734645390838582,1.3087143713756022
408,0.4812421474784756,0.24188724442656787,-0.9906593620271495
409,0.6266007512436814,0.24188724442656787,-0.21339005059395183
410,0.8042612669567106,0.6804825879385753,1.1348363476327683
411,1.0196073466088678,-1.5673185475604625,-1.225759338942129
412,0.4758584954871718,0.24188724442656787,-1.0194471143024533
413,-1.5039795243148453,-1.5673185475604625,0.11766910057204008
414,-1.2361428377474752,0.8734645390838582,-1.1628101206334653
415,-1.5039795243148453,-1.5673185475604625,1.0964526779323633
416,0.40048736760891684,0.24188724442656787,-1.422475646156704
417,-1.3545831815561615,0.8734645390838582,-1.9565844100378373
418,-0.8350607643953332,0.8734645390838582,1.5251982684858856
419,-1.5039795243148453,-1.5673185475604625,0.48231396272588595
420,0.6938964011349802,0.24188724442656787,0.14645685284734353
421,1.0196073466088678,-1.5673185475604625,0.36716295362467133
422,-1.05040684404749,0.8734645390838582,0.08197228775066367
423,0.8042612669567106,0.6804825879385753,-0.17020842218099602
424,0.8042612669567106,0.6804825879385753,-1.225759338942129
425,-1.5039795243148453,-1.5673185475604625,0.30958744907406444
426,0.8042612669567106,0.6804825879385753,0.290395614223862
427,-1.327664921599642,0.8734645390838582,-1.7761811624459345
428,0.5727642313306422,0.24188724442656787,-0.5012675733469879
429,0.8042612669567106,0.6804825879385753,0.19443643997284982
430,0.793493962974103,0.24188724442656787,0.6790302699404608
431,-0.9561929341996713,0.8734645390838582,0.7133836543223232
432,0.5162358854219511,0.24188724442656787,-0.803538972237676
433,1.0196073466088678,-1.5673185475604625,-0.3429349358328179
434,-0.8835136323170684,0.8734645390838582,1.2004724228204606
435,-1.2630610977039949,0.8734645390838582,-1.343213368225368
436,0.8096449189480149,0.24188724442656787,0.7653935267663715
437,0.8042612669567106,0.6804825879385753,0.8661506597299342
438,-0.980419368160539,0.8734645390838582,0.5510207314896107
439,1.0196073466088678,-1.5673185475604625,1.1540281824829708
440,-1.5039795243148453,-1.5673185475604625,0.32877928392426686
441,0.4274056275654363,0.24188724442656787,-1.278536884780186
442,1.0196073466088678,-1.5673185475604625,1.2883710264343877
443,-0.8108343304344654,0.8734645390838582,1.687561191318598
444,-1.5039795243148453,-1.5673185475604625,1.1540281824829708
445,0.6965882271306326,0.24188724442656787,0.16085072898499544
446,0.7988776149654069,0.24188724442656787,0.7078180222157646
447,0.8042612669567106,0.6804825879385753,-0.6308124585858542
448,0.6642863151828088,0.24188724442656787,-0.011875784666826041
449,-1.3599668335474655,0.8734645390838582,-1.9926650595562176
450,1.0196073466088678,-1.5673185475604625,-0.6883879631364616
451,1.0196073466088678,-1.5673185475604625,-0.11263291763038914
452,0.5081604074349951,0.24188724442656787,-0.8467206006506314
453,0.46778301750021584,0.24188724442656787,-1.0626287427154086
454,0.7638838770219316,0.24188724442656787,0.5206976324262907
455,1.0196073466088678,-1.5673185475604625,0.6358486415275054
456,1.0196073466088678,-1.5673185475604625,1.1348363476327683
457,0.8042612669567106,0.6804825879385753,-0.05505741307978184
458,0.7773430070001912,0.24188724442656787,0.5926670131145501
459,0.8688650908523577,0.24188724442656787,1.0820588017947115
460,-0.9615765861909753,0.8734645390838582,0.6773030048039428
461,0.8042612669567106,0.6804825879385753,-0.22778392673160333
462,-1.3222812696083381,0.8734645390838582,-1.740100512927554
463,0.8419468308958382,0.24188724442656787,0.9381200404181934
464,-1.400344223482245,0.8734645390838582,-2.263269930944072
465,0.8042612669567106,0.6804825879385753,-0.13182475248059117
466,0.3870282376306571,0.24188724442656787,-1.4944450268449632
467,-0.9454256302170635,0.8734645390838582,0.7855449533590844
468,-1.5039795243148453,-1.5673185475604625,1.1924118521833755
469,0.8042612669567106,0.6804825879385753,-1.398485852593951
470,-1.5039795243148453,-1.5673185475604625,-0.01667374337937697
471,-1.1580798838735684,0.8734645390838582,-0.6396407026169473
472,0.8042612669567106,0.6804825879385753,0.46312212787568346
473,0.8042612669567106,0.6804825879385753,-0.49646961463443723
474,0.917317958774093,0.24188724442656787,1.341148572272444
475,-1.5039795243148453,-1.5673185475604625,0.8469588248797317
476,0.7854184849871474,0.24188724442656787,0.6358486415275054
477,0.5512296233654265,0.24188724442656787,-0.6164185824482024
478,-1.5039795243148453,-1.5673185475604625,1.1348363476327683
479,-0.8592871983562008,0.8734645390838582,1.362835345653173
480,0.8042612669567106,0.6804825879385753,0.75099965062872
481,0.8042612669567106,0.6804825879385753,-0.7459634676870687
482,1.0196073466088678,-1.5673185475604625,-0.7843471373874735
483,0.5323868413958629,0.24188724442656787,-0.7171757154117652
484,0.5108522334306472,0.24188724442656787,-0.8323267245129796
485,-0.8000670264518576,0.8734645390838582,1.7597224903553588
486,1.0196073466088678,-1.5673185475604625,-1.1489919995413196
487,0.8042612669567106,0.6804825879385753,-1.532828696545368
488,1.0196073466088678,-1.5673185475604625,0.2328201096732547
489,0.8930915248132254,0.24188724442656787,1.211603687033578
490,0.8284877009175783,0.24188724442656787,0.8661506597299342
491,-1.5039795243148453,-1.5673185475604625,-0.05505741307978184
492,0.6373680552262894,0.24188724442656787,-0.15581454604334452
493,-1.2872875316648626,0.8734645390838582,-1.5055762910580806
494,-1.5039795243148453,-1.5673185475604625,0.7318078157785176
495,1.0196073466088678,-1.5673185475604625,1.249987356733983
496,-1.3868850935039851,0.8734645390838582,-2.1730683071481205
497,-0.7354632025562106,0.8734645390838582,2.1926902845759253
498,0.8042612669567106,0.6804825879385753,-1.5136368616951654
499,-1.265752923699647,0.8734645390838582,-1.3612536929845582
500,0.6158334472610736,0.24188724442656787,-0.2709655551445587
501,0.41394649758717655,0.24188724442656787,-1.350506265468445
502,1.0196073466088678,-1.5673185475604625,-0.05505741307978184
503,-1.3572750075518134,0.8734645390838582,-1.9746247347970276
504,-1.0773251040040095,0.8734645390838582,-0.09843095984123922
505,0.8042612669567106,0.6804825879385753,-0.707579797986664
506,-1.0207967580953183,0.8734645390838582,0.28041586010175656
507,-1.316897617617034,0.8734645390838582,-1.7040198634091734
508,0.8042612669567106,0.6804825879385753,-1.4176776874441535
509,-1.257677445712691,0.8734645390838582,-1.3071327187069874
510,-1.5039795243148453,-1.5673185475604625,1.211603687033578
511,-1.5039795243148453,-1.5673185475604625,1.0196853385315536
512,-1.5039795243148453,-1.5673185475604625,0.1368609354222425
513,0.8042612669567106,0.6804825879385753,-1.1489919995413196
514,-1.0907842339822693,0.8734645390838582,-0.18863258363719046
515,0.8042612669567106,0.6804825879385753,0.4247384581752786
516,0.7235064870871522,0.24188724442656787,0.3047894903615135
517,-1.2415264897387792,0.8734645390838582,-1.1988907701518459
518,0.4866257994697794,0.24188724442656787,-0.9618716097518459
519,1.0196073466088678,-1.5673185475604625,1.2691791915841852
520,-1.0100294541127106,0.8734645390838582,0.3525771591385178
521,0.8042612669567106,0.6804825879385753,-1.033840990440105
522,-1.3949605714909408,0.8734645390838582,-2.2271892814256913
523,-1.5039795243148453,-1.5673185475604625,0.5206976324262907
524,-0.7919915484649017,0.8734645390838582,1.8138434646329296
525,-1.5039795243148453,-1.5673185475604625,-0.24697576158180576
526,-1.5039795243148453,-1.5673185475604625,0.6742323112279103
527,-1.2603692717083428,0.8734645390838582,-1.3251730434661777
528,-0.7489223325344704,0.8734645390838582,2.1024886607799735
529,0.8042612669567106,0.6804825879385753,-0.47727777978423497
530,0.8015694409610588,0.24188724442656787,0.7222118983534161
531,0.8042612669567106,0.6804825879385753,0.04090176117123034
532,-1.5039795243148453,-1.5673185475604625,0.5782731369768981
533,1.0196073466088678,-1.5673185475604625,1.3075628612845902
534,-1.5039795243148453,-1.5673185475604625,-0.09344108278018672
535,-1.2199918817735635,0.8734645390838582,-1.0545681720783235
536,-1.5039795243148453,-1.5673185475604625,0.9621098339809464
537,0.8042612669567106,0.6804825879385753,1.1924118521833755
538,1.0196073466088678,-1.5673185475604625,-0.573236954035247
539,-0.7569978105214263,0.8734645390838582,2.0483676865024028
540,-1.5039795243148453,-1.5673185475604625,1.2883710264343877
541,0.4408647575436961,0.24188724442656787,-1.2065675040919266
542,-0.9535011082040195,0.8734645390838582,0.7314239790815136
543,0.6185252732567256,0.24188724442656787,-0.2565716790069072
544,1.0196073466088678,-1.5673185475604625,0.7318078157785176
545,1.0196073466088678,-1.5673185475604625,-0.24697576158180576
546,0.8042612669567106,0.6804825879385753,-1.4752531919947607
547,-1.0181049320996665,0.8734645390838582,0.298456184860947
548,-1.5039795243148453,-1.5673185475604625,1.1732200173331733
549,0.47855032148282367,0.24188724442656787,-1.0050532381648014
550,1.0196073466088678,-1.5673185475604625,-1.033840990440105
551,0.8042612669567106,0.6804825879385753,0.1752446051226474
552,0.6481353592088972,0.24188724442656787,-0.09823904149273721
553,0.4462484095350001,0.24188724442656787,-1.1777797518166233
554,-1.2388346637431271,0.8734645390838582,-1.1808504453926556
555,0.850022308882794,0.24188724442656787,0.9813016688311488
556,-1.5039795243148453,-1.5673185475604625,-0.11263291763038914
557,0.7558083990349754,0.24188724442656787,0.47751600401333544
558,-0.8081425044388135,0.8734645390838582,1.705601516077788
559,-0.7650732885083821,0.8734645390838582,1.9942467122248322
560,-1.5039795243148453,-1.5673185475604625,-0.22778392673160333
561,-1.3788096155170293,0.8734645390838582,-2.1189473328705497
562,0.8123367449436668,0.24188724442656787,0.7797874029040235
563,0.8338713529088826,0.24188724442656787,0.894938412005238
564,0.381644585639353,0.24188724442656787,-1.5232327791202667
565,0.6858209231480246,0.24188724442656787,0.10327522443438815
566,1.0196073466088678,-1.5673185475604625,0.5206976324262907
567,-0.8054506784431615,0.8734645390838582,1.723641840836979
568,-1.252293793721387,0.8734645390838582,-1.271052069188607
569,0.4704748434958677,0.24188724442656787,-1.048234866577757
570,0.941544392734961,0.24188724442656787,1.4706934575113106
571,0.6050661432784658,0.24188724442656787,-0.328541059695166
572,0.8042612669567106,0.6804825879385753,-0.8419226419380809
573,1.0196073466088678,-1.5673185475604625,-1.3217185131931413
574,0.8042612669567106,0.6804825879385753,-0.38131860553322283
575,0.7423492690567159,0.24188724442656787,0.4055466233250762
576,1.0196073466088678,-1.5673185475604625,-1.0146491555899024
577,0.8796323948349659,0.24188724442656787,1.1396343063453187
578,-0.8162179824257694,0.8734645390838582,1.6514805418002172
579,0.8042612669567106,0.6804825879385753,0.09847726572183764
580,-0.8862054583127204,0.8734645390838582,1.1824320980612701
581,-1.5039795243148453,-1.5673185475604625,-0.3237431009826155
582,1.0196073466088678,-1.5673185475604625,0.6742323112279103
583,1.0196073466088678,-1.5673185475604625,-0.8994981464886881
584,-1.0396395400648821,0.8734645390838582,0.1541335867874245
585,0.8042612669567106,0.6804825879385753,0.5590813021266957
586,1.0196073466088678,-1.5673185475604625,1.3843302006853995
587,-1.0800169299996616,0.8734645390838582,-0.11647128460042963
588,0.8042612669567106,0.6804825879385753,-0.9186899813388906
589,-1.1365452759083527,0.8734645390838582,-0.4953181045434252
590,0.6777454451610688,0.24188724442656787,0.06009359602143277
591,0.7396574430610641,0.24188724442656787,0.39115274718742465
592,0.5619969273480343,0.24188724442656787,-0.5588430778975952
593,0.8042612669567106,0.6804825879385753,-0.45808594493403254
594,-1.2280673597605192,0.8734645390838582,-1.1086891463558946
595,-1.5039795243148453,-1.5673185475604625,1.4227138703858044
596,0.518927711417603,0.24188724442656787,-0.7891450961000243
597,0.8042612669567106,0.6804825879385753,0.5782731369768981
598,-1.1688471878561761,0.8734645390838582,-0.7118020016537084
599,-0.9669602381822792,0.8734645390838582,0.6412223552855619
600,-1.3680423115344214,0.8734645390838582,-2.0467860338337887
601,0.8042612669567106,0.6804825879385753,1.1540281824829708
602,1.0196073466088678,-1.5673185475604625,-0.9186899813388906
603,1.0196073466088678,-1.5673185475604625,0.4247384581752786
604,-0.7327713765605586,0.8734645390838582,2.2107306093351156
605,0.6885127491436764,0.24188724442656787,0.11766910057204008
606,1.0196073466088678,-1.5673185475604625,-1.2065675040919266
607,0.8042612669567106,0.6804825879385753,-0.6500042934360567
608,-1.1607717098692203,0.8734645390838582,-0.6576810273761377
609,0.8042612669567106,0.6804825879385753,-0.24697576158180576
610,1.0196073466088678,-1.5673185475604625,-0.035865578229579406
611,-0.8027588524475097,0.8734645390838582,1.7416821655961687
612,0.9576953487088725,0.24188724442656787,1.5570567143372214
613,0.8042612669567106,0.6804825879385753,-0.534853284334842
614,-1.1742308398474803,0.8734645390838582,-0.7478826511720889
615,-1.5039795243148453,-1.5673185475604625,0.021709926321027903
616,-1.2226837077692154,0.8734645390838582,-1.0726084968375138
617,0.6992800531262845,0.24188724442656787,0.1752446051226474
618,-1.190381795821392,0.8734645390838582,-0.8561245997272305
619,-1.3653504855387695,0.8734645390838582,-2.0287457090745984
620,-0.9211991962561958,0.8734645390838582,0.9479078761917968
621,0.591607013300206,0.24188724442656787,-0.40051044038342526
622,-0.8539035463648968,0.8734645390838582,1.3989159951715535
623,0.6077579692741176,0.24188724442656787,-0.3141471835575145
624,0.43278927955674035,0.24188724442656787,-1.2497491325048822
625,0.39510371561761276,0.24188724442656787,-1.4512633984320076
626,-1.1526962318822647,0.8734645390838582,-0.6035600530985669
627,0.9119343067827892,0.24188724442656787,1.3123608199971406
628,0.5135440594262991,0.24188724442656787,-0.8179328483753279
629,-1.2792120536779066,0.8734645390838582,-1.4514553167805095
630,-1.5039795243148453,-1.5673185475604625,-0.17020842218099602
631,-1.2469101417300832,0.8734645390838582,-1.2349714196702264
632,-1.2845957056692108,0.8734645390838582,-1.4875359662988903
633,-1.0611741480300978,0.8734645390838582,0.009810988713902435
634,0.4166383235828285,0.24188724442656787,-1.3361123893307931
635,-1.5039795243148453,-1.5673185475604625,0.7126159809283151
636,1.0196073466088678,-1.5673185475604625,-0.8419226419380809
637,-1.0019539761257545,0.8734645390838582,0.4066981334160886
638,-1.5039795243148453,-1.5673185475604625,0.3479711187744693
639,0.8042612669567106,0.6804825879385753,0.7126159809283151
640,1.0196073466088678,-1.5673185475604625,1.365138365835197
641,0.8042612669567106,0.6804825879385753,0.5398894672764932
642,1.0196073466088678,-1.5673185475604625,1.0964526779323633
643,0.8042612669567106,0.6804825879385753,0.38635478847487376
644,1.0196073466088678,-1.5673185475604625,0.2520119445234571
645,0.43009745356108825,0.24188724442656787,-1.264143008642534
646,-1.3007466616431222,0.8734645390838582,-1.5957779148540319
647,1.0196073466088678,-1.5673185475604625,-0.7267716328368662
648,0.8042612669567106,0.6804825879385753,-0.5156614494846397
649,-1.389576919499637,0.8734645390838582,-2.1911086319073108
650,0.8042612669567106,0.6804825879385753,-0.803538972237676
651,-1.4030360494778968,0.8734645390838582,-2.281310255703262
652,0.8042612669567106,0.6804825879385753,1.0580690082319586
653,-1.5039795243148453,-1.5673185475604625,1.2691791915841852
654,1.0196073466088678,-1.5673185475604625,0.9237261642805416
655,0.8042612669567106,0.6804825879385753,0.8085751551793273
656,0.8580977868697501,0.24188724442656787,1.0244832972441043
657,1.0196073466088678,-1.5673185475604625,-0.40051044038342526
658,-1.5039795243148453,-1.5673185475604625,1.2307955218837805
659,-1.0854005819909656,0.8734645390838582,-0.15255193411881005
660,-1.5039795243148453,-1.5673185475604625,-0.18940025703119845
661,0.8042612669567106,0.6804825879385753,-0.3237431009826155
662,1.0196073466088678,-1.5673185475604625,-0.9954573207397001
663,-1.117702493938789,0.8734645390838582,-0.36903583122909334
664,0.38972006362630895,0.24188724442656787,-1.4800511507073113
665,-0.9481174562127155,0.8734645390838582,0.767504628599894
666,0.5404623193828186,0.24188724442656787,-0.6739940869988096
667,-1.5039795243148453,-1.5673185475604625,-0.035865578229579406
668,1.0196073466088678,-1.5673185475604625,-1.129800164691117
669,1.0196073466088678,-1.5673185475604625,-0.9570736510392954
670,0.5781478833219462,0.24188724442656787,-0.4724798210716843
671,-1.5039795243148453,-1.5673185475604625,1.0004935036813511
672,-1.5039795243148453,-1.5673185475604625,0.8085751551793273
673,0.6104497952697698,0.24188724442656787,-0.29975330741986256
674,0.5942988392958579,0.24188724442656787,-0.38611656424577334
675,0.8042612669567106,0.6804825879385753,0.21362827482305224
676,1.0196073466088678,-1.5673185475604625,0.7893833203291248
677,1.0196073466088678,-1.5673185475604625,-0.6308124585858542
678,-1.1419289278996567,0.8734645390838582,-0.5313987540618056
679,-1.3034384876387743,0.8734645390838582,-1.6138182396132221
680,1.0196073466088678,-1.5673185475604625,-0.09344108278018672
681,-1.5039795243148453,-1.5673185475604625,0.21362827482305224
682,0.9038588287958335,0.24188724442656787,1.2691791915841852
683,0.8042612669567106,0.24188724442656787,0.7366057744910681
684,-1.5039795243148453,-1.5673185475604625,-0.2085920918814009
685,1.0196073466088678,-1.5673185475604625,-1.0914164949907124
686,0.3681854556610933,0.24188724442656787,-1.595202159808526
687,1.0196073466088678,-1.5673185475604625,-0.4388941100838301
